{"text": " 1, 2, probando, probando, 1, 2.", "segments": [{"id": 0, "seek": 0, "start": 0.0, "end": 5.0, "text": " 1, 2, probando, probando, 1, 2.", "tokens": [50364, 502, 11, 568, 11, 1239, 1806, 11, 1239, 1806, 11, 502, 11, 568, 13, 50614], "temperature": 0.0, "avg_logprob": -0.5692309211282169, "compression_ratio": 1.1481481481481481, "no_speech_prob": 0.31614184379577637}], "language": "Spanish"}