{"text": " Buenas tardes, como est\u00e1n todos.", "segments": [{"id": 0, "seek": 0, "start": 0.0, "end": 6.0, "text": " Buenas tardes, como est\u00e1n todos.", "tokens": [50364, 4078, 11581, 21057, 279, 11, 2617, 10368, 6321, 13, 50664], "temperature": 0.0, "avg_logprob": -0.6298556725184122, "compression_ratio": 0.8048780487804879, "no_speech_prob": 0.14819292724132538}], "language": "Spanish"}